quartil,periodo,grupo_origem,alvo,peso,n,pct_da_origem
Todos,pos,0,Desocupado,42774.79299609,84,0.7105941660142051
Todos,pos,0,Fora da força de trabalho,139969.6496021,310,2.3252389891260594
Todos,pos,0,G0,5478130.44005156,10967,91.00517521432072
Todos,pos,0,G1,13277.06865312,29,0.22056465656162405
Todos,pos,0,G2,64011.95105469,103,1.0633954202608866
Todos,pos,0,G3,48109.42486473,100,0.7992154781976574
Todos,pos,0,G4,32314.28184334,75,0.5368194337939899
Todos,pos,0,G5,127510.60618648,243,2.1182637369941197
Todos,pos,0,G6,2809.89575147,12,0.04667925636215701
Todos,pos,0,G7,22847.37341351,41,0.3795508784314235
Todos,pos,0,G8,28519.507301370002,57,0.4737789264767576
Todos,pos,0,G9,19306.23226177,37,0.3207238434604003
Todos,pos,1,Desocupado,199398.97456377,331,0.7995229274307886
Todos,pos,1,Fora da força de trabalho,479318.93341131,970,1.9219079619261217
Todos,pos,1,G0,9900.09087171,28,0.03969603982616766
Todos,pos,1,G1,13882055.63555849,24252,55.662381337619216
Todos,pos,1,G2,2647123.7307953,4352,10.61407722455518
Todos,pos,1,G3,1883160.1562147,3267,7.550839838628563
Todos,pos,1,G4,1415975.513261,2688,5.67758630659702
Todos,pos,1,G5,2846519.20965549,5431,11.413586135388512
Todos,pos,1,G6,176761.38781021,617,0.7087538065224641
Todos,pos,1,G7,734951.88584724,1329,2.946910256579276
Todos,pos,1,G8,344515.4211988,645,1.3813911465920021
Todos,pos,1,G9,320063.46620693,633,1.2833470183346949
Todos,pos,2,Desocupado,1097246.61007617,2017,1.1652705038385138
Todos,pos,2,Fora da força de trabalho,2482628.86363623,5149,2.6365396440574123
Todos,pos,2,G0,73907.92601193,130,0.07848985395872193
Todos,pos,2,G1,2698433.0986120002,4530,2.86572268031509
Todos,pos,2,G2,76396474.95022266,141059,81.13268069295059
Todos,pos,2,G3,4455378.03844499,7543,4.731589566077073
Todos,pos,2,G4,2473615.69786681,4610,2.6269677063354235
Todos,pos,2,G5,2712335.26231021,5038,2.880486709794236
Todos,pos,2,G6,96353.72044162,262,0.10232717725865437
Todos,pos,2,G7,936822.5916011,1533,0.9949009851545905
Todos,pos,2,G8,352632.63838011,587,0.3744941277754962
Todos,pos,2,G9,386565.21049217,759,0.4105303524841895
Todos,pos,3,Desocupado,999548.27286651,1730,1.5704441009904695
Todos,pos,3,Fora da força de trabalho,2106194.84155166,4222,3.309156100050708
Todos,pos,3,G0,64468.82418993,122,0.10129044028710808
Todos,pos,3,G1,1912060.1986695,3266,3.0041407116114383
Todos,pos,3,G2,4536868.14650745,7713,7.1281177818669725
Todos,pos,3,G3,40577063.16847832,74033,63.75280836182765
Todos,pos,3,G4,4282640.97124881,7633,6.72868778080116
Todos,pos,3,G5,3740702.72841955,6699,5.877219432892749
Todos,pos,3,G6,151922.44911052,375,0.23869353836150758
Todos,pos,3,G7,3102210.76268842,5285,4.874050333078622
Todos,pos,3,G8,1166308.76108884,1991,1.8324504813886915
Todos,pos,3,G9,1007502.195381,1867,1.582940936842923
Todos,pos,4,Desocupado,1308324.42430879,2330,2.2200774281917903
Todos,pos,4,Fora da força de trabalho,2350164.48740028,4660,3.9879612686828874
Todos,pos,4,G0,34884.05495718,74,0.05919426525661089
Todos,pos,4,G1,1442332.99891056,2727,2.4474747052966066
Todos,pos,4,G2,2579647.71945364,4717,4.37736815749743
Todos,pos,4,G3,4221711.80910318,7682,7.163763758879884
Todos,pos,4,G4,39138065.11421266,71886,66.41283563063442
Todos,pos,4,G5,3797987.77459387,6997,6.444752367425149
Todos,pos,4,G6,70858.63810886,191,0.12023903256334997
Todos,pos,4,G7,1049359.58867406,1802,1.780643618346192
Todos,pos,4,G8,961654.39563132,1601,1.6318179021922947
Todos,pos,4,G9,1976486.2348063,3511,3.3538718650333803
Todos,pos,5,Desocupado,3860331.42983832,7248,2.5252549676421734
Todos,pos,5,Fora da força de trabalho,10755988.14855712,24264,7.0360830404610635
Todos,pos,5,G0,123703.02537011,231,0.08092094811178412
Todos,pos,5,G1,2825398.67630349,5357,1.8482485694768012
Todos,pos,5,G2,2822855.52674827,5185,1.846584955570975
Todos,pos,5,G3,3868967.94393337,6796,2.5309045862093935
Todos,pos,5,G4,3903748.27968689,7151,2.5536563154933005
Todos,pos,5,G5,110729929.30737868,214626,72.43453292346868
Todos,pos,5,G6,615042.81357315,1944,0.40233330959183095
Todos,pos,5,G7,4270164.58506641,8135,2.7933493605600233
Todos,pos,5,G8,2120006.50908236,3837,1.386812781698952
Todos,pos,5,G9,6972840.52327915,14491,4.561318241715012
Todos,pos,6,Desocupado,475095.17527277,1457,1.3663460797895621
Todos,pos,6,Fora da força de trabalho,3919168.78110083,16691,11.271301370333392
Todos,pos,6,G0,3212.38078499,17,0.009238620219290554
Todos,pos,6,G1,187108.05190858,607,0.5381118700596557
Todos,pos,6,G2,98961.35057235,280,0.28460708599614526
Todos,pos,6,G3,153155.14278523,374,0.4404652790339619
Todos,pos,6,G4,76622.49158881,219,0.2203618273874727
Todos,pos,6,G5,661891.42042135,2101,1.9035612117505132
Todos,pos,6,G6,24500864.67374584,100361,70.46306117338908
Todos,pos,6,G7,651227.00541654,2281,1.872890974725468
Todos,pos,6,G8,605061.62819925,1970,1.7401220360667347
Todos,pos,6,G9,3438849.98856764,12042,9.88993247124873
Todos,pos,7,Desocupado,2203861.69443952,4290,2.4350086712059813
Todos,pos,7,Fora da força de trabalho,5306416.8888753,12391,5.8629682479831375
Todos,pos,7,G0,21861.59089044,41,0.02415449368664543
Todos,pos,7,G1,691014.9480522,1265,0.7634904652526205
Todos,pos,7,G2,912154.77961805,1502,1.0078240406173935
Todos,pos,7,G3,3171614.88742171,5307,3.504262437195232
Todos,pos,7,G4,1008418.76487323,1693,1.1141844530754996
Todos,pos,7,G5,4218117.89445201,8086,4.660525510777069
Todos,pos,7,G6,655580.72560688,2239,0.7243398056946763
Todos,pos,7,G7,63224732.85821145,119979,69.85591388645622
Todos,pos,7,G8,4226120.41334605,7524,4.669367355502462
Todos,pos,7,G9,4867449.37397589,10214,5.377960632553059
Todos,pos,8,Desocupado,1259744.6505901199,2404,1.9335213924948096
Todos,pos,8,Fora da força de trabalho,2600844.25364673,5920,3.9919105833213444
Todos,pos,8,G0,28245.53979066,57,0.04335271866581944
Todos,pos,8,G1,355157.59738013,630,0.5451142911540502
Todos,pos,8,G2,356113.99259124,610,0.5465822161017723
Todos,pos,8,G3,1131881.09003215,1952,1.7372697715464065
Todos,pos,8,G4,946502.24379058,1597,1.4527407086476871
Todos,pos,8,G5,1944513.81335985,3628,2.9845406006460853
Todos,pos,8,G6,526041.85111683,1781,0.8073963021041604
Todos,pos,8,G7,4175364.00052271,7409,6.408565110938591
Todos,pos,8,G8,48486675.52038342,91614,74.41986304581575
Todos,pos,8,G9,3341783.9632737,6757,5.129143258563533
Todos,pos,9,Desocupado,4113980.19359488,8728,3.7994994684307115
Todos,pos,9,Fora da força de trabalho,10479543.16120717,28209,9.678466301902736
Todos,pos,9,G0,29386.45236489,51,0.02714009423606354
Todos,pos,9,G1,334269.20982691,661,0.3087170149791844
Todos,pos,9,G2,400291.74030932,775,0.36969265357436376
Todos,pos,9,G3,1105085.27929298,1966,1.0206103903420376
Todos,pos,9,G4,2016455.47100011,3677,1.862313654817167
Todos,pos,9,G5,6824150.49736268,14320,6.302499031859448
Todos,pos,9,G6,3426442.67152397,12128,3.16451866475506
Todos,pos,9,G7,5114755.19963656,10686,4.723773267656626
Todos,pos,9,G8,3498363.40939068,7072,3.230941640178995
Todos,pos,9,G9,70934175.49489833,158858,65.5118278172676
Todos,pre,0,Desocupado,40537.43093806,83,1.0479694453168245
Todos,pre,0,Fora da força de trabalho,95192.86940237,246,2.460916151744982
Todos,pre,0,G0,3502883.72766059,7484,90.55618553368241
Todos,pre,0,G1,9166.37306759,23,0.23696812247148016
Todos,pre,0,G2,37194.79461117,83,0.9615559589086888
Todos,pre,0,G3,38190.16978211,78,0.9872882942253002
Todos,pre,0,G4,22869.46886791,52,0.5912191288297016
Todos,pre,0,G5,63589.13352601,141,1.643899661309404
Todos,pre,0,G6,2361.0492718299997,15,0.06103760002813316
Todos,pre,0,G7,14379.436795489999,33,0.3717357033691479
Todos,pre,0,G8,21355.79521311,49,0.5520877950548692
Todos,pre,0,G9,20467.99997866,54,0.529136605059058
Todos,pre,1,Desocupado,189798.27027688,326,1.117952943265242
Todos,pre,1,Fora da força de trabalho,319206.04049897,730,1.8801927539343735
Todos,pre,1,G0,7517.64067563,19,0.04428053273336299
Todos,pre,1,G1,9579666.95122576,17590,56.426314359979614
Todos,pre,1,G2,1582743.3186446,2829,9.322701144382705
Todos,pre,1,G3,1094763.00810263,2002,6.448391364688491
Todos,pre,1,G4,1023828.52087669,2103,6.0305718626584435
Todos,pre,1,G5,2010739.72426808,4147,11.843692724947175
Todos,pre,1,G6,125746.26444088,447,0.7406727481299685
Todos,pre,1,G7,549981.35528837,1070,3.239509369546333
Todos,pre,1,G8,227007.72332053,488,1.3371246853825651
Todos,pre,1,G9,266305.22905489,584,1.5685955103517328
Todos,pre,2,Desocupado,773359.20219848,1590,1.582314154925844
Todos,pre,2,Fora da força de trabalho,1241933.99615135,3036,2.541031044833363
Todos,pre,2,G0,33313.50579354,68,0.06816034724546276
Todos,pre,2,G1,1670014.4840261,2908,3.4168954730139647
Todos,pre,2,G2,39720002.78123141,78522,81.26821592834197
Todos,pre,2,G3,1955037.7401757601,3629,4.000060878438228
Todos,pre,2,G4,1239914.36052577,2474,2.5368988149083
Todos,pre,2,G5,1342746.93942984,2717,2.747297093903212
Todos,pre,2,G6,56980.39740728,162,0.11658345709798577
Todos,pre,2,G7,443809.28515306,844,0.9080459791373607
Todos,pre,2,G8,200930.10521807,339,0.411108510422424
Todos,pre,2,G9,197156.84562775,413,0.403388317731886
Todos,pre,3,Desocupado,794258.33665817,1520,2.3694353744510375
Todos,pre,3,Fora da força de trabalho,1098520.49960452,2499,3.277111754689446
Todos,pre,3,G0,32993.172757,83,0.0984253951613917
Todos,pre,3,G1,1107494.35993868,1938,3.30388261895334
Todos,pre,3,G2,1975455.11536852,3669,5.893187411401255
Todos,pre,3,G3,21626618.97026658,42778,64.51663602742546
Todos,pre,3,G4,2060437.48793032,4300,6.146707242996508
Todos,pre,3,G5,1907175.80762008,3860,5.689496244868606
Todos,pre,3,G6,76483.67087359,224,0.228166462939814
Todos,pre,3,G7,1739122.48827399,3213,5.188158756454036
Todos,pre,3,G8,566516.23116815,1113,1.690034005784947
Todos,pre,3,G9,535919.84121758,1107,1.598758704874156
Todos,pre,4,Desocupado,1062910.46916587,1893,3.1557425603043154
Todos,pre,4,Fora da força de trabalho,1144830.35954077,2685,3.39895973812966
Todos,pre,4,G0,31340.56022852,68,0.0930489845062268
Todos,pre,4,G1,986304.53805552,1986,2.9283023344437247
Todos,pre,4,G2,1261450.11595342,2517,3.7451995573427785
Todos,pre,4,G3,2144570.81618176,4319,6.367152826636824
Todos,pre,4,G4,22926352.20553999,45214,68.0675066304751
Todos,pre,4,G5,2020036.36954785,4237,5.997414579750437
Todos,pre,4,G6,47082.31120988,117,0.1397856711667453
Todos,pre,4,G7,575737.60261027,1041,1.7093440217505969
Todos,pre,4,G8,443877.19266895,908,1.3178552560057732
Todos,pre,4,G9,1037293.88053719,2144,3.0796878394878267
Todos,pre,5,Desocupado,3471221.46750703,7095,3.829085127327904
Todos,pre,5,Fora da força de trabalho,6323525.67724648,15944,6.97544606406522
Todos,pre,5,G0,70258.32031455,154,0.07750156303933337
Todos,pre,5,G1,1892390.40568225,3980,2.0874853492710046
Todos,pre,5,G2,1337958.56091437,2711,1.4758946597140115
Todos,pre,5,G3,1916688.13776271,3885,2.1142880426191493
Todos,pre,5,G4,2095364.20453123,4275,2.3113846197972525
Todos,pre,5,G5,65487282.8973597,138523,72.23865815495887
Todos,pre,5,G6,435073.81691798,1503,0.4799275117547787
Todos,pre,5,G7,2527081.55295346,5441,2.787609629790698
Todos,pre,5,G8,1059484.5388786,2232,1.1687115121950065
Todos,pre,5,G9,4037739.26612085,9424,4.454007765466759
Todos,pre,6,Desocupado,475766.53014054,1606,2.0139426811586736
Todos,pre,6,Fora da força de trabalho,2704317.1798983198,12448,11.447505124791046
Todos,pre,6,G0,3026.07733578,19,0.01280953139182367
Todos,pre,6,G1,140624.5870756,459,0.5952706632141733
Todos,pre,6,G2,59486.84405461,175,0.25181068154083835
Todos,pre,6,G3,68439.31236832,220,0.2897069119321928
Todos,pre,6,G4,53245.66658311,161,0.2253914761233684
Todos,pre,6,G5,443026.34368362,1578,1.8753518919427805
Todos,pre,6,G6,16598016.21251656,71124,70.26020359834132
Todos,pre,6,G7,422717.10243654,1547,1.7893818936804808
Todos,pre,6,G8,387559.7100915,1409,1.6405589552930293
Todos,pre,6,G9,2267412.51406211,8711,9.598066590590268
Todos,pre,7,Desocupado,2196570.66696127,4648,4.053899216642435
Todos,pre,7,Fora da força de trabalho,3176381.91404278,8189,5.862197991976676
Todos,pre,7,G0,14151.69627435,30,0.02611778045826043
Todos,pre,7,G1,511343.6208748,1022,0.9437144614915355
Todos,pre,7,G2,477625.78213526,883,0.8814862244905417
Todos,pre,7,G3,1712165.99656689,3243,3.1599021586892166
Todos,pre,7,G4,578881.50445391,1064,1.0683595628093114
Todos,pre,7,G5,2541309.98861994,5660,4.690135731605679
Todos,pre,7,G6,415444.38677624,1493,0.7667268344435155
Todos,pre,7,G7,37299539.00807526,77257,68.83847364452963
Todos,pre,7,G8,2438837.99729572,4949,4.501017697933799
Todos,pre,7,G9,2821893.35708479,6569,5.2079686949294155
Todos,pre,8,Desocupado,987310.55885736,2048,2.831741432608844
Todos,pre,8,Fora da força de trabalho,1301696.46493417,3497,3.7334431191544586
Todos,pre,8,G0,15473.9820346,33,0.04438149239033135
Todos,pre,8,G1,230582.51502344,480,0.6613421233767642
Todos,pre,8,G2,174313.03480824,335,0.49995357436625376
Todos,pre,8,G3,557015.43959418,1046,1.5975963031603202
Todos,pre,8,G4,484214.07276506,910,1.3887920470413921
Todos,pre,8,G5,1011772.19455355,2113,2.901900742350706
Todos,pre,8,G6,388239.37007331,1361,1.1135235009325803
Todos,pre,8,G7,2286368.52810699,4729,6.557616986033712
Todos,pre,8,G8,25572047.64344367,53246,73.34412275747634
Todos,pre,8,G9,1856810.49528883,4209,5.3255859211083045
Todos,pre,9,Desocupado,3597906.63097347,8450,5.481304395444508
Todos,pre,9,Fora da força de trabalho,5761531.10849063,17178,8.777522328564514
Todos,pre,9,G0,20670.40460376,56,0.031490750381021074
Todos,pre,9,G1,244959.20168091,516,0.37318810258143414
Todos,pre,9,G2,212531.79985202,436,0.3237859144736654
Todos,pre,9,G3,557671.83909694,1173,0.849596561662475
Todos,pre,9,G4,1065367.88294008,2228,1.6230564765781244
Todos,pre,9,G5,4171623.45007498,9792,6.35534500984219
Todos,pre,9,G6,2253643.34666975,8681,3.4333590192480616
Todos,pre,9,G7,2861857.36612355,6560,4.359955098619102
Todos,pre,9,G8,2026573.14864884,4467,3.0874242849301474
Todos,pre,9,G9,42865270.2248185,103029,65.30397205767476
Q1,pos,2,Desocupado,1273.79883461,2,6.105154866415954
Q1,pos,2,Fora da força de trabalho,135.67380501,1,0.6502671916445699
Q1,pos,2,G2,15263.99512743,24,73.15837603330075
Q1,pos,2,G3,686.55926459,2,3.2905907286199763
Q1,pos,2,G5,1334.93011088,2,6.398149253496136
Q1,pos,2,G7,1305.58990189,2,6.257525385087745
Q1,pos,2,G8,587.06390047,1,2.8137221761149616
Q1,pos,2,G9,276.70556275,1,1.3262143653198986
Q1,pos,3,Desocupado,7741.94738367,13,3.193466593442181
Q1,pos,3,Fora da força de trabalho,20845.91944292,40,8.598708316071583
Q1,pos,3,G0,473.57690665,2,0.19534517038987476
Q1,pos,3,G1,3160.98494194,3,1.30387088857661
Q1,pos,3,G2,3500.46726369,6,1.4439035444248718
Q1,pos,3,G3,117395.5182601,199,48.42433656604672
Q1,pos,3,G4,7184.05159319,9,2.963340827762366
Q1,pos,3,G5,5352.34675782,13,2.2077830964945373
Q1,pos,3,G6,1406.71301155,2,0.5802533634393986
Q1,pos,3,G7,22504.07437541,33,9.282678655992443
Q1,pos,3,G8,40651.32730706,46,16.76821725861958
Q1,pos,3,G9,12213.89697593,16,5.03809571873984
Q1,pos,5,Desocupado,91078.88947505,163,1.5786876131209098
Q1,pos,5,Fora da força de trabalho,182568.54891324,393,3.1644951796842564
Q1,pos,5,G0,5408.41778863,8,0.09374512819276198
Q1,pos,5,G1,14625.17349484,31,0.2535008976187945
Q1,pos,5,G2,44148.3867552,65,0.7652323355215921
Q1,pos,5,G3,96057.61941365,128,1.66498488056064
Q1,pos,5,G4,139014.0279175,246,2.409556431663783
Q1,pos,5,G5,4493714.59519223,8136,77.89040478226276
Q1,pos,5,G6,16115.43091307,50,0.2793318112375396
Q1,pos,5,G7,106591.88721356,186,1.8475773362314136
Q1,pos,5,G8,87375.91082934,140,1.514503184069049
Q1,pos,5,G9,492579.89264965,1170,8.537980419836503
Q1,pos,6,Desocupado,57996.09905172,166,2.0162541964698093
Q1,pos,6,Fora da força de trabalho,427909.47987727,1677,14.87641925265268
Q1,pos,6,G0,66.77102414,1,0.0023213174649005857
Q1,pos,6,G1,13296.03924697,38,0.4622413466847732
Q1,pos,6,G2,5349.5594802900005,19,0.1859792628773311
Q1,pos,6,G3,9152.82597421,29,0.31820112183064975
Q1,pos,6,G4,7819.47607135,21,0.27184675695161464
Q1,pos,6,G5,80123.4474789,263,2.78551902380354
Q1,pos,6,G6,1863267.83861591,6380,64.77714294898155
Q1,pos,6,G7,82481.34943828,255,2.867492290940432
Q1,pos,6,G8,79091.0611111,242,2.7496277590376343
Q1,pos,6,G9,249873.99278063,784,8.686954722305078
Q1,pos,7,Desocupado,1459375.72333909,2903,2.7507102230934053
Q1,pos,7,Fora da força de trabalho,2942798.92001733,6977,5.546746423380826
Q1,pos,7,G0,12818.46657692,25,0.024160938470895916
Q1,pos,7,G1,317288.75469154,584,0.5980429900571974
Q1,pos,7,G2,385402.2446654,649,0.7264269765832864
Q1,pos,7,G3,1363395.59039712,2249,2.569801682081588
Q1,pos,7,G4,431276.34023213,730,0.8128929507889217
Q1,pos,7,G5,1845470.88631719,3612,3.478443249555438
Q1,pos,7,G6,461336.90359358,1533,0.8695527249840792
Q1,pos,7,G7,38089361.09100403,72806,71.79288600498168
Q1,pos,7,G8,2211406.05986954,3938,4.168177638569957
Q1,pos,7,G9,3534575.12782758,7521,6.662158197452715
Q1,pos,8,Desocupado,173580.50391418,387,1.5775353562704009
Q1,pos,8,Fora da força de trabalho,364983.74498901,914,3.317047417196184
Q1,pos,8,G0,7029.02053847,17,0.06388118578610372
Q1,pos,8,G1,91539.31301458,169,0.8319281227608329
Q1,pos,8,G2,36737.98247584,66,0.3338823483444533
Q1,pos,8,G3,297653.47772958,525,2.705136086408711
Q1,pos,8,G4,179878.17965111,302,1.634769929931076
Q1,pos,8,G5,224365.96564142,413,2.0390840881420886
Q1,pos,8,G6,219449.77477378,815,1.9944047333931811
Q1,pos,8,G7,1217055.66518971,2187,11.060852452273101
Q1,pos,8,G8,7332672.66976821,15596,66.640838871145
Q1,pos,8,G9,858325.56080088,1948,7.800639408348869
Q1,pos,9,Desocupado,3521901.40291082,7556,3.8484751724658777
Q1,pos,9,Fora da força de trabalho,9427118.60649633,25796,10.301262799409184
Q1,pos,9,G0,24583.84994598,38,0.02686342555828963
Q1,pos,9,G1,229304.00569037,459,0.25056657523603837
Q1,pos,9,G2,315511.90240172,611,0.34476823286618363
Q1,pos,9,G3,814173.60514109,1464,0.8896691153457206
Q1,pos,9,G4,1175183.5860841,2219,1.2841543066470098
Q1,pos,9,G5,4947933.69654841,10645,5.406738522105083
Q1,pos,9,G6,3282205.2170668,11723,3.5865527860546424
Q1,pos,9,G7,4401674.79962858,9321,4.809826921798199
Q1,pos,9,G8,2472226.81619522,5036,2.70146788180049
Q1,pos,9,G9,60902386.0621292,139253,66.54965426071328
Q1,pre,2,Desocupado,2034.5941977999998,3,19.999482254392195
Q1,pre,2,Fora da força de trabalho,1261.55874317,4,12.400763613787662
Q1,pre,2,G1,262.81526278,1,2.5833992792447313
Q1,pre,2,G2,5301.34822074,14,52.11074512042102
Q1,pre,2,G3,615.63135144,2,6.051481077496939
Q1,pre,2,G5,298.01153629,1,2.9293686367928413
Q1,pre,2,G7,399.27503415,1,3.9247600178646116
Q1,pre,3,Desocupado,17260.49487282,26,10.987635366759777
Q1,pre,3,Fora da força de trabalho,10512.91491969,21,6.692280646090777
Q1,pre,3,G0,1066.08384393,1,0.6786445367764071
Q1,pre,3,G1,1852.2667803699999,2,1.1791105721259416
Q1,pre,3,G2,1157.00775699,3,0.7365246155449149
Q1,pre,3,G3,82581.67036473,124,52.56959830128896
Q1,pre,3,G4,6955.4890972700005,6,4.4277049158434565
Q1,pre,3,G5,1073.2528674,5,0.683208172778996
Q1,pre,3,G6,783.16743946,2,0.4985464390975189
Q1,pre,3,G7,14969.0577697,20,9.528959034449416
Q1,pre,3,G8,12263.53625404,27,7.806686057339894
Q1,pre,3,G9,6615.22617876,19,4.211101341903948
Q1,pre,5,Desocupado,79908.5120189,136,2.3034875865263023
Q1,pre,5,Fora da força de trabalho,89418.04515141,225,2.577614722308988
Q1,pre,5,G0,305.95763313,1,0.008819706338058592
Q1,pre,5,G1,13480.4228561,28,0.38859423014668776
Q1,pre,5,G2,20861.74022951,40,0.6013722247843474
Q1,pre,5,G3,33925.80781974,68,0.9779643645118123
Q1,pre,5,G4,86048.26392686,176,2.480475518687922
Q1,pre,5,G5,2725363.42950177,5199,78.56285482008776
Q1,pre,5,G6,8249.55083506,34,0.23780617937778473
Q1,pre,5,G7,62345.54087945,111,1.797207529744941
Q1,pre,5,G8,48398.51603146,97,1.3951627688724046
Q1,pre,5,G9,300717.1193526,840,8.66864034861299
Q1,pre,6,Desocupado,51534.10365135,179,2.842048036410328
Q1,pre,6,Fora da força de trabalho,276183.696289,1185,15.2312211935821
Q1,pre,6,G0,249.95516714,1,0.01378474721840326
Q1,pre,6,G1,6618.3370678500005,23,0.36499386882208906
Q1,pre,6,G2,5153.75148101,18,0.28422361579908045
Q1,pre,6,G3,5750.06429958,22,0.31710959915815606
Q1,pre,6,G4,2003.21315723,7,0.11047495962157312
Q1,pre,6,G5,51696.07377223,187,2.8509805069761973
Q1,pre,6,G6,1160773.7158402,4722,64.01536897079492
Q1,pre,6,G7,52522.84114324,186,2.8965758005170326
Q1,pre,6,G8,45701.38649884,153,2.5203802250833403
Q1,pre,6,G9,155086.35283062,524,8.552838476016774
Q1,pre,7,Desocupado,1517620.45711929,3238,4.785287622411106
Q1,pre,7,Fora da força de trabalho,1743828.93568219,4457,5.498557285766999
Q1,pre,7,G0,4127.44382667,14,0.013014456785494285
Q1,pre,7,G1,215769.54447945,438,0.6803541199297601
Q1,pre,7,G2,212586.82171506,396,0.6703185120288815
Q1,pre,7,G3,730428.96270725,1421,2.303153372700513
Q1,pre,7,G4,249683.80884283,462,0.7872909424534328
Q1,pre,7,G5,1160631.0656065,2542,3.6596458926067563
Q1,pre,7,G6,288692.91538785,1007,0.9102925755926778
Q1,pre,7,G7,22419308.76985121,46465,70.69148300954208
Q1,pre,7,G8,1180751.69579738,2423,3.723089293198688
Q1,pre,7,G9,1990869.25894012,4703,6.2775129169836195
Q1,pre,8,Desocupado,159231.11413235,357,2.5354570810591692
Q1,pre,8,Fora da força de trabalho,212044.59399827,585,3.3764127713529786
Q1,pre,8,G0,3151.05763432,9,0.05017468749933872
Q1,pre,8,G1,69803.01429343,141,1.1114821863423427
Q1,pre,8,G2,25471.17093937,47,0.40558066225307954
Q1,pre,8,G3,158961.00090596,294,2.531156034142114
Q1,pre,8,G4,98800.64642066,205,1.573215134149414
Q1,pre,8,G5,124770.11225764,281,1.9867302088035197
Q1,pre,8,G6,158271.1300391,600,2.5201711334590557
Q1,pre,8,G7,656791.95595499,1394,10.45818101934928
Q1,pre,8,G8,4124712.85040556,9529,65.67832210986103
Q1,pre,8,G9,488165.26413943,1231,7.7731169717286885
Q1,pre,9,Desocupado,3092332.15139624,7356,5.526109841797022
Q1,pre,9,Fora da força de trabalho,5194054.06309263,15651,9.281963214696114
Q1,pre,9,G0,13376.59629241,44,0.023904463298955802
Q1,pre,9,G1,156750.91933619,354,0.28011958471645315
Q1,pre,9,G2,159477.42858348,328,0.28499195574503
Q1,pre,9,G3,407144.63948839,880,0.727582254802678
Q1,pre,9,G4,653871.39280804,1409,1.1684919220060308
Q1,pre,9,G5,3033494.65224789,7246,5.420965094340442
Q1,pre,9,G6,2160995.61059367,8391,3.8617776251460816
Q1,pre,9,G7,2489718.08716133,5721,4.449216627182209
Q1,pre,9,G8,1486381.29843606,3344,2.6562173530556317
Q1,pre,9,G9,37110975.10220738,90758,66.31866006321336
Q2,pos,2,Desocupado,9951.68487503,13,5.804226250445741
Q2,pos,2,Fora da força de trabalho,11861.17236089,29,6.917916799282864
Q2,pos,2,G1,2838.78497508,3,1.6556945360150006
Q2,pos,2,G2,86332.07667067,183,50.35236866519917
Q2,pos,2,G3,8299.7137026,13,4.840729660229512
Q2,pos,2,G4,1032.41163838,3,0.6021443411845201
Q2,pos,2,G5,13640.45591403,19,7.955667133604059
Q2,pos,2,G6,611.5560618,1,0.35668429940192187
Q2,pos,2,G7,30531.78000331,53,17.80737243928376
Q2,pos,2,G8,4602.09477049,4,2.6841283269469085
Q2,pos,2,G9,1754.10905921,3,1.023067548406538
Q2,pos,3,Desocupado,170397.49814446,310,1.6318288036114663
Q2,pos,3,Fora da força de trabalho,354072.6521688,769,3.390812416097301
Q2,pos,3,G0,8551.77023041,18,0.08189688895560708
Q2,pos,3,G1,42322.54111415,72,0.4053060777544396
Q2,pos,3,G2,400658.93134419,778,3.8369506108437825
Q2,pos,3,G3,8419306.29391485,16423,80.628334725842
Q2,pos,3,G4,257685.00357497,496,2.4677463910641992
Q2,pos,3,G5,474431.72514862,907,4.5434432011921375
Q2,pos,3,G6,10712.16081181,31,0.10258608695539626
Q2,pos,3,G7,130475.39301007,217,1.2495107427918577
Q2,pos,3,G8,68095.1429386,126,0.6521199949722394
Q2,pos,3,G9,105409.43381828,203,1.0094640599195812
Q2,pos,4,Desocupado,175207.34866441,295,2.3240958780735537
Q2,pos,4,Fora da força de trabalho,245380.953225,451,3.2549368864676236
Q2,pos,4,G0,3039.36503689,7,0.04031666370185644
Q2,pos,4,G1,107517.61503085,189,1.426202997866928
Q2,pos,4,G2,101739.51497308,162,1.349557476832983
Q2,pos,4,G3,362167.75953174,596,4.804094140543481
Q2,pos,4,G4,4626454.04562249,7619,61.36913125786073
Q2,pos,4,G5,404216.96473912,708,5.361869743243371
Q2,pos,4,G6,14061.48121716,34,0.18652317260393894
Q2,pos,4,G7,282362.52569363,474,3.745491197084163
Q2,pos,4,G8,369481.73311556,607,4.901112764408703
Q2,pos,4,G9,847102.21956367,1454,11.236667821312663
Q2,pos,5,Desocupado,732469.97848134,1361,2.9083180709631167
Q2,pos,5,Fora da força de trabalho,1678588.2927681,3919,6.6649402828582405
Q2,pos,5,G0,77563.35768192,136,0.30797018501509893
Q2,pos,5,G1,261300.17962042,493,1.0375087807852532
Q2,pos,5,G2,255350.34587909,499,1.0138845920846962
Q2,pos,5,G3,795768.2625556,1485,3.159647884938307
Q2,pos,5,G4,570773.68730534,1061,2.2662927874014707
Q2,pos,5,G5,17661652.93050051,35059,70.12670264978225
Q2,pos,5,G6,94420.92853934,317,0.37490422927289346
Q2,pos,5,G7,691169.06432373,1257,2.744330196346173
Q2,pos,5,G8,307741.26398971,557,1.221906024186772
Q2,pos,5,G9,2058548.03599284,4411,8.17359431636573
Q2,pos,6,Desocupado,417099.07622105,1291,1.3077341918747791
Q2,pos,6,Fora da força de trabalho,3491259.3012235602,15014,10.946174233412222
Q2,pos,6,G0,3145.60976085,16,0.0098624563636734
Q2,pos,6,G1,173812.01266161,569,0.5449542443860443
Q2,pos,6,G2,93611.79109206,261,0.29350182475313646
Q2,pos,6,G3,144002.31681102,345,0.4514916578313228
Q2,pos,6,G4,68803.01551746,198,0.21571866500272185
Q2,pos,6,G5,581767.97294245,1838,1.8240219490472405
Q2,pos,6,G6,22637596.83512993,93981,70.9758450471525
Q2,pos,6,G7,568745.65597826,2026,1.783192970700434
Q2,pos,6,G8,525970.56708815,1728,1.6490798798518842
Q2,pos,6,G9,3188975.99578701,11258,9.998422879624032
Q2,pos,7,Desocupado,709451.86065993,1322,2.049854644751047
Q2,pos,7,Fora da força de trabalho,2280221.0439915,5258,6.588356387898121
Q2,pos,7,G0,9043.12431352,16,0.026128750102772227
Q2,pos,7,G1,297575.0738194,544,0.8597985022738905
Q2,pos,7,G2,400410.64896219,666,1.1569264584343124
Q2,pos,7,G3,1593680.46721862,2720,4.6047004583768745
Q2,pos,7,G4,461019.21793929,790,1.3320458196181086
Q2,pos,7,G5,2270005.81456002,4291,6.5588410160195565
Q2,pos,7,G6,186993.67890192,692,0.5402901627174997
Q2,pos,7,G7,23361454.00910602,44339,67.49941421558758
Q2,pos,7,G8,1843354.55029228,3327,5.326096239038343
Q2,pos,7,G9,1196652.35954182,2455,3.457547345181898
Q2,pos,8,Desocupado,1040092.29693032,1916,2.0460639960732236
Q2,pos,8,Fora da força de trabalho,2143523.3065439,4790,4.216727568512243
Q2,pos,8,G0,19736.071173829998,38,0.038824693512192664
Q2,pos,8,G1,245751.57166488,432,0.4834411756013666
Q2,pos,8,G2,292498.63635977,508,0.5754017509047409
Q2,pos,8,G3,812489.23807365,1382,1.5983244776697278
Q2,pos,8,G4,737001.57579007,1238,1.4498255527166137
Q2,pos,8,G5,1636741.045413,3051,3.219788218601857
Q2,pos,8,G6,291590.3259409,922,0.5736149275134004
Q2,pos,8,G7,2912584.78797311,5133,5.729621195898141
Q2,pos,8,G8,38256837.05823871,70317,75.25864496787645
Q2,pos,8,G9,2444964.70601776,4729,4.809721475120043
Q2,pos,9,Desocupado,491175.36005754,992,3.3492516369102106
Q2,pos,9,Fora da força de trabalho,805506.33586945,1839,5.492627752410575
Q2,pos,9,G0,4802.60241891,13,0.032748230715561384
Q2,pos,9,G1,100408.08947437,190,0.6846678098666529
Q2,pos,9,G2,72607.41220022,132,0.4950991314688775
Q2,pos,9,G3,257420.01460719,444,1.7553087459346108
Q2,pos,9,G4,810698.48734152,1402,5.528032260109983
Q2,pos,9,G5,1291619.46463444,2452,8.807360787978478
Q2,pos,9,G6,125974.49386724,348,0.8590013142034689
Q2,pos,9,G7,615267.91370661,1186,4.195420281014889
Q2,pos,9,G8,978764.60383506,1941,6.674050080933057
Q2,pos,9,G9,9110982.36242007,17773,62.126431968453645
Q2,pre,2,Desocupado,6624.98962642,6,4.954429693922625
Q2,pre,2,Fora da força de trabalho,11366.58916283,31,8.500385667377332
Q2,pre,2,G1,1461.35273502,2,1.0928574672486786
Q2,pre,2,G2,71820.10342872,120,53.70991852256319
Q2,pre,2,G3,5899.13283624,7,4.411605231154906
Q2,pre,2,G4,488.82448479000004,2,0.36556231467923345
Q2,pre,2,G5,4364.80956871,13,3.2641775089420317
Q2,pre,2,G7,24024.35010135,46,17.966360738838027
Q2,pre,2,G8,1178.16406298,3,0.8810777596786814
Q2,pre,2,G9,6490.19521829,8,4.853625095595296
Q2,pre,3,Desocupado,120980.44730566,234,2.215736589719383
Q2,pre,3,Fora da força de trabalho,176214.60363809,399,3.2273408936680927
Q2,pre,3,G0,2807.59221766,8,0.0514205803022321
Q2,pre,3,G1,19712.77150309,47,0.3610361019233114
Q2,pre,3,G2,161994.90504008,383,2.9669095001653996
Q2,pre,3,G3,4450782.27535609,9342,81.51533045224244
Q2,pre,3,G4,123993.55104813,294,2.2709210791099994
Q2,pre,3,G5,264299.88068075,529,4.8406079604188
Q2,pre,3,G6,6931.571835299999,20,0.12695057492173784
Q2,pre,3,G7,41554.72337517,91,0.7610677849901111
Q2,pre,3,G8,41025.31569344,79,0.751371772143308
Q2,pre,3,G9,49757.85206951,107,0.9113067103951734
Q2,pre,4,Desocupado,122251.32091493,185,3.197285435698371
Q2,pre,4,Fora da força de trabalho,85081.08360778,175,2.225158038675792
Q2,pre,4,G0,859.76983971,4,0.02248588862667898
Q2,pre,4,G1,62373.90304687,113,1.631288482503951
Q2,pre,4,G2,37117.01081061,69,0.970735344152255
Q2,pre,4,G3,176625.63654101,306,4.619357656482862
Q2,pre,4,G4,2452154.0802463,4234,64.13212117614296
Q2,pre,4,G5,186004.99374182,377,4.864659563651867
Q2,pre,4,G6,10257.15915613,24,0.2682593965946222
Q2,pre,4,G7,150710.59792844,256,3.941591764863674
Q2,pre,4,G8,160395.05169811,306,4.1948729789947405
Q2,pre,4,G9,379766.73382443,742,9.932184273612233
Q2,pre,5,Desocupado,630021.12919721,1273,4.277926256877291
Q2,pre,5,Fora da força de trabalho,984875.67803122,2488,6.687435274080708
Q2,pre,5,G0,40815.69504722,84,0.27714393286727895
Q2,pre,5,G1,192051.61886239,444,1.3040557291373565
Q2,pre,5,G2,120537.41322658,245,0.8184648753528475
Q2,pre,5,G3,410405.65654858,857,2.786708338428706
Q2,pre,5,G4,308870.15831091,627,2.0972689628485224
Q2,pre,5,G5,10331109.68227202,22193,70.14959233000023
Q2,pre,5,G6,66519.38267706,223,0.45167534953639393
Q2,pre,5,G7,396946.49306962,849,2.6953188497688356
Q2,pre,5,G8,156344.17369567,319,1.061597484222046
Q2,pre,5,G9,1088758.40141991,2509,7.392812616879778
Q2,pre,6,Desocupado,424232.42648919,1427,1.9450955290413194
Q2,pre,6,Fora da força de trabalho,2428133.48360932,11263,11.132933948424519
Q2,pre,6,G0,2776.12216864,18,0.012728453746408163
Q2,pre,6,G1,134006.25000775,436,0.6144154512439413
Q2,pre,6,G2,54333.0925736,157,0.24911592995965956
Q2,pre,6,G3,62689.24806874,198,0.2874287030498256
Q2,pre,6,G4,51242.45342588,154,0.23494542338650531
Q2,pre,6,G5,391330.26991139,1391,1.7942399280564498
Q2,pre,6,G6,15437242.49667636,66402,70.77938763310675
Q2,pre,6,G7,370194.2612933,1361,1.6973318340546513
Q2,pre,6,G8,341858.32359266,1256,1.5674122374108224
Q2,pre,6,G9,2112326.16123149,8187,9.684964928519152
Q2,pre,7,Desocupado,638615.28961749,1340,3.0501646531159907
Q2,pre,7,Fora da força de trabalho,1389548.98308385,3641,6.636786279442615
Q2,pre,7,G0,8827.60269409,13,0.042162538459410204
Q2,pre,7,G1,247359.42545703,489,1.1814420800917969
Q2,pre,7,G2,203387.5984027,379,0.9714231300375614
Q2,pre,7,G3,890650.96694834,1671,4.25394152287926
Q2,pre,7,G4,275940.04459413,507,1.3179492944874438
Q2,pre,7,G5,1314327.6119584,2989,6.277512752648114
Q2,pre,7,G6,121783.25846864001,468,0.5816631646023169
Q2,pre,7,G7,13916538.7675233,29114,66.46839706553655
Q2,pre,7,G8,1185115.50983912,2384,5.660367825104794
Q2,pre,7,G9,744980.87811989,1709,3.558189693594157
Q2,pre,8,Desocupado,789145.25989872,1604,2.9650296642696063
Q2,pre,8,Fora da força de trabalho,1037410.75641624,2777,3.8978294911145954
Q2,pre,8,G0,12068.746008,22,0.04534550448778972
Q2,pre,8,G1,152861.79098889,320,0.5743426056612299
Q2,pre,8,G2,143013.97355281,272,0.5373417234281715
Q2,pre,8,G3,380979.98524488,722,1.4314436329365305
Q2,pre,8,G4,371259.5859662,674,1.3949214947771629
Q2,pre,8,G5,857901.79052417,1756,3.2233663270823385
Q2,pre,8,G6,215492.37091375,709,0.8096624343470812
Q2,pre,8,G7,1601540.30471432,3284,6.017414984676949
Q2,pre,8,G8,19706541.87007424,40059,74.04274497250381
Q2,pre,8,G9,1346871.75211277,2931,5.060557164714741
Q2,pre,9,Desocupado,401467.31622555,864,5.0047837138437306
Q2,pre,9,Fora da força de trabalho,404241.69116244,1069,5.039369708616073
Q2,pre,9,G0,5344.45607724,11,0.06662521618496232
Q2,pre,9,G1,82350.40855725,148,1.026599095165577
Q2,pre,9,G2,42214.12165813,92,0.5262509301009475
Q2,pre,9,G3,120869.82581968,241,1.5067909922151823
Q2,pre,9,G4,388742.39858441,759,4.846151969747778
Q2,pre,9,G5,667957.4660057,1465,8.326911089139617
Q2,pre,9,G6,79878.50740813,245,0.9957838080591241
Q2,pre,9,G7,304287.9531601,694,3.793323468052697
Q2,pre,9,G8,501192.257008,1046,6.247977715747571
Q2,pre,9,G9,5023125.24650173,10706,62.61943229312674
Q3,pos,1,Desocupado,59595.86276346,103,0.7250939394109264
Q3,pos,1,Fora da força de trabalho,178699.01540868,397,2.1742041652424744
Q3,pos,1,G0,1629.4587009900001,4,0.019825380048573933
Q3,pos,1,G1,4405435.57636564,8372,53.60027506551279
Q3,pos,1,G2,321082.73852307,531,3.9065656063509016
Q3,pos,1,G3,402720.09611458,712,4.899835113230505
Q3,pos,1,G4,308764.32023423,595,3.75668925537301
Q3,pos,1,G5,1792261.52205324,3504,21.80617759723087
Q3,pos,1,G6,134879.90292907,493,1.641063584403164
Q3,pos,1,G7,319940.78057324,581,3.8926715749519376
Q3,pos,1,G8,142134.51060942,278,1.7293293098731366
Q3,pos,1,G9,151910.26158722,330,1.8482694083717077
Q3,pos,2,Desocupado,228096.7678044,429,1.0189705027776654
Q3,pos,2,Fora da força de trabalho,541346.65054142,1180,2.4183432057758214
Q3,pos,2,G0,19085.87025449,40,0.08526179040750008
Q3,pos,2,G1,310157.70207699,589,1.3855590882233422
Q3,pos,2,G2,19036856.90215499,35223,85.04283438829663
Q3,pos,2,G3,912517.31155491,1630,4.076463830236238
Q3,pos,2,G4,214742.53632264,429,0.9593135067660112
Q3,pos,2,G5,788290.09739154,1527,3.5215069665630647
Q3,pos,2,G6,33811.62804397,95,0.1510457686855084
Q3,pos,2,G7,125203.91157071,233,0.559320037504169
Q3,pos,2,G8,83391.85407168,130,0.3725341673576417
Q3,pos,2,G9,91520.43298263,190,0.4088467474063927
Q3,pos,3,Desocupado,426076.30968067,744,1.4958222436565647
Q3,pos,3,Fora da força de trabalho,950340.40331389,1833,3.3363514516633526
Q3,pos,3,G0,38950.736832739996,75,0.1367439992260823
Q3,pos,3,G1,637813.3179792,1067,2.2391654420981952
Q3,pos,3,G2,1824125.18294163,3078,6.403939768214666
Q3,pos,3,G3,18517449.75490383,34224,65.00904323907915
Q3,pos,3,G4,1044091.33549286,1867,3.665482000653374
Q3,pos,3,G5,1394246.16420196,2574,4.894767388285871
Q3,pos,3,G6,87318.99799316999,222,0.3065500158642409
Q3,pos,3,G7,2238979.47934115,3837,7.860364991424039
Q3,pos,3,G8,757991.38628432,1272,2.661073498674268
Q3,pos,3,G9,567038.22424377,1069,1.9906959611601953
Q3,pos,4,Desocupado,38494.96672681,69,2.5919399412096595
Q3,pos,4,Fora da força de trabalho,73801.68944262,164,4.9692092982601155
Q3,pos,4,G0,423.32282828999996,2,0.028503137941577182
Q3,pos,4,G1,44486.88731254,89,2.9953874464621717
Q3,pos,4,G2,70070.25624614,125,4.7179647444318284
Q3,pos,4,G3,108467.90254496,197,7.303351914569024
Q3,pos,4,G4,868078.28444081,1717,58.449375823771454
Q3,pos,4,G5,104182.96919098,209,7.014839133549598
Q3,pos,4,G6,2661.6385593699997,6,0.17921322909704276
Q3,pos,4,G7,73841.2949187,110,4.97187601092598
Q3,pos,4,G8,43067.68528494,66,2.899829851982677
Q3,pos,4,G9,57602.83660078,108,3.878509467798877
Q3,pos,5,Desocupado,2647716.48925009,4972,2.4493237834533437
Q3,pos,5,Fora da força de trabalho,7346207.46160606,16221,6.795758053004514
Q3,pos,5,G0,38934.77995668,81,0.03601740705192673
Q3,pos,5,G1,2412301.15817001,4590,2.231548061715366
Q3,pos,5,G2,2112352.05330464,3991,1.9540740650261008
Q3,pos,5,G3,2273112.25762377,4013,2.102788549175114
Q3,pos,5,G4,2886991.12283864,5353,2.6706696311696563
Q3,pos,5,G5,80058591.74760523,154680,74.05982235383868
Q3,pos,5,G6,363026.94373757,1107,0.3358254295506722
Q3,pos,5,G7,2860772.42575607,5484,2.646415494219485
Q3,pos,5,G8,1403550.10369056,2545,1.298382460582615
Q3,pos,5,G9,3696340.54385307,7378,3.419374711212534
Q3,pos,7,Desocupado,31142.61500454,55,1.2772466854828333
Q3,pos,7,Fora da força de trabalho,74423.01439682,129,3.0522982237722203
Q3,pos,7,G1,49636.336089720004,82,2.03572647129551
Q3,pos,7,G2,97769.79724731,139,4.009815792805157
Q3,pos,7,G3,200131.18169154,300,8.207945557558931
Q3,pos,7,G4,115607.17048253,171,4.741376897711848
Q3,pos,7,G5,83367.93968987,153,3.419154898485444
Q3,pos,7,G6,4677.94661856,7,0.1918558159791772
Q3,pos,7,G7,1495534.04932672,2287,61.336079428487544
Q3,pos,7,G8,163415.11253389,245,6.702115760390951
Q3,pos,7,G9,122556.40052297,208,5.02638446803039
Q3,pos,8,Desocupado,45879.74346951,100,1.4111860627909458
Q3,pos,8,Fora da força de trabalho,89494.58996862,212,2.7527075896323825
Q3,pos,8,G0,1480.4480783600002,2,0.04553616774809711
Q3,pos,8,G1,17122.86420371,27,0.5266713693679597
Q3,pos,8,G2,26877.37375563,36,0.8267041700783353
Q3,pos,8,G3,20587.40351105,43,0.6332349465544522
Q3,pos,8,G4,27813.2461715,54,0.8554900788466334
Q3,pos,8,G5,79854.60115356,160,2.456197259963389
Q3,pos,8,G6,15001.75040215,44,0.4614293691300067
Q3,pos,8,G7,33892.37157603,71,1.0424740590542003
Q3,pos,8,G8,2860168.78000408,5649,87.97412571092231
Q3,pos,8,G9,32974.54516357,74,1.0142432159112842
Q3,pre,1,Desocupado,80132.12262999,127,1.5341029689222898
Q3,pre,1,Fora da força de trabalho,126104.04478531,302,2.414220204692931
Q3,pre,1,G0,1187.99279601,2,0.022743728926695732
Q3,pre,1,G1,2806347.07171441,5722,53.726585958827336
Q3,pre,1,G2,185135.17460851,351,3.54435164946656
Q3,pre,1,G3,216022.07469849,399,4.135671130015436
Q3,pre,1,G4,157583.51287598,351,3.01688420351127
Q3,pre,1,G5,1152386.81412865,2453,22.06206418697836
Q3,pre,1,G6,95012.90685371,345,1.8189906582564677
Q3,pre,1,G7,205314.0496758,423,3.930669534657035
Q3,pre,1,G8,91521.41486237,190,1.7521471995524491
Q3,pre,1,G9,106639.01108279,275,2.0415685761931694
Q3,pre,2,Desocupado,170072.29441355,358,1.505891836421985
Q3,pre,2,Fora da força de trabalho,259437.64469677,610,2.2971703448618075
Q3,pre,2,G0,6425.40950061,16,0.05689328615223267
Q3,pre,2,G1,194225.10028232,366,1.7197509679747371
Q3,pre,2,G2,9641253.42335316,19161,85.36772478531522
Q3,pre,2,G3,393827.7516383,794,3.487117041570827
Q3,pre,2,G4,114007.11472569,234,1.0094670854617633
Q3,pre,2,G5,357246.01689758,797,3.1632069308842983
Q3,pre,2,G6,23113.66472751,62,0.20465813754658782
Q3,pre,2,G7,62447.70681157,121,0.5529383384582865
Q3,pre,2,G8,29765.90456823,60,0.2635598752141148
Q3,pre,2,G9,41970.14522814,99,0.3716213701381434
Q3,pre,3,Desocupado,362456.21986081,702,2.327860331893941
Q3,pre,3,Fora da força de trabalho,525494.09375457,1183,3.3749644466456687
Q3,pre,3,G0,21862.95413259,57,0.14041393380645306
Q3,pre,3,G1,406513.99205585,704,2.6108195821003206
Q3,pre,3,G2,847760.20879698,1579,5.444705464771617
Q3,pre,3,G3,10095131.81238398,20400,64.83557352199314
Q3,pre,3,G4,510198.75706468,1077,3.2767307687768485
Q3,pre,3,G5,764387.39798034,1560,4.909246977859502
Q3,pre,3,G6,42016.07870234,131,0.2698465567799363
Q3,pre,3,G7,1311104.27461946,2409,8.420513884505205
Q3,pre,3,G8,373564.09592071,711,2.399200214159903
Q3,pre,3,G9,309869.50849409,638,1.990124316707464
Q3,pre,4,Desocupado,33408.60474881,60,3.295808155100624
Q3,pre,4,Fora da força de trabalho,41160.368018529996,113,4.0605310399036085
Q3,pre,4,G0,792.1011984700001,2,0.07814195202735587
Q3,pre,4,G1,52388.62579782,101,5.168215237875813
Q3,pre,4,G2,34233.90246887,74,3.3772249929665215
Q3,pre,4,G3,72769.59002806,150,7.178827432664695
Q3,pre,4,G4,641789.66375758,1329,63.31349733325403
Q3,pre,4,G5,67913.88637643,147,6.69980510251593
Q3,pre,4,G6,2976.08965189,2,0.2935956355782568
Q3,pre,4,G7,32580.4209442,58,3.214106600735259
Q3,pre,4,G8,11666.37504369,30,1.150905112576588
Q3,pre,4,G9,21989.95394986,55,2.169341404801327
Q3,pre,5,Desocupado,2264936.95502685,4576,3.6247700773719203
Q3,pre,5,Fora da força de trabalho,4057129.30792184,9973,6.4929670041122165
Q3,pre,5,G0,25734.12155956,61,0.04118449018614688
Q3,pre,5,G1,1588320.81998647,3328,2.54192407818501
Q3,pre,5,G2,1021474.49080842,2090,1.634751978797214
Q3,pre,5,G3,1109954.20099307,2228,1.7763535387082077
Q3,pre,5,G4,1522900.33783393,3136,2.4372261502239376
Q3,pre,5,G5,46338164.46964819,97729,74.15888183427528
Q3,pre,5,G6,240584.97677202,842,0.38502847637015064
Q3,pre,5,G7,1626117.23356601,3496,2.6024128739861565
Q3,pre,5,G8,653225.02438439,1409,1.0454112274180323
Q3,pre,5,G9,2036440.74125601,4606,3.259088270365729
Q3,pre,7,Desocupado,34536.61429817,56,2.775128394127361
Q3,pre,7,Fora da força de trabalho,35609.13881533,67,2.8613091996710636
Q3,pre,7,G0,988.14800289,2,0.07940088037424063
Q3,pre,7,G1,31755.5448433,57,2.551660490075776
Q3,pre,7,G2,46369.88155889,79,3.7259695995509574
Q3,pre,7,G3,80227.56642737,129,6.446543823380239
Q3,pre,7,G4,52228.35125296,93,4.196716542311057
Q3,pre,7,G5,58890.570953200004,110,4.732047391433415
Q3,pre,7,G6,1992.17369496,5,0.16007758430478397
Q3,pre,7,G7,762046.58642311,1263,61.23290202602918
Q3,pre,7,G8,70825.22792895,136,5.691035587602052
Q3,pre,7,G9,69035.29225894,131,5.547208481139871
Q3,pre,8,Desocupado,36438.29011821,84,1.9058357119819433
Q3,pre,8,Fora da força de trabalho,50188.79602587,131,2.6250298654842386
Q3,pre,8,G0,254.17839228,2,0.013294319125564289
Q3,pre,8,G1,6736.44801867,17,0.3523371476609225
Q3,pre,8,G2,5827.89031606,16,0.3048167587948966
Q3,pre,8,G3,17074.45344334,30,0.893046930284691
Q3,pre,8,G4,13369.91304048,30,0.6992879648297721
Q3,pre,8,G5,28875.37441143,75,1.5102717380981285
Q3,pre,8,G6,14311.30720164,51,0.7485258024332823
Q3,pre,8,G7,23009.04777336,41,1.203444640319535
Q3,pre,8,G8,1702067.56023579,3610,89.02341822242172
Q3,pre,8,G9,13779.12266119,35,0.7206908985652921
Q4,pos,1,Desocupado,135690.79961973,221,0.8262516069054139
Q4,pos,1,Fora da força de trabalho,293337.79788763,553,1.7861994147723197
Q4,pos,1,G0,8270.63217072,24,0.05036172784250712
Q4,pos,1,G1,9231972.67291083,15216,56.215545027935036
Q4,pos,1,G2,2318705.30092695,3804,14.119114827240088
Q4,pos,1,G3,1475257.04544519,2538,8.983169881920155
Q4,pos,1,G4,1103547.41682693,2083,6.719746873073838
Q4,pos,1,G5,1044657.62554131,1897,6.361153771578158
Q4,pos,1,G6,35056.67457709,100,0.21346792695787947
Q4,pos,1,G7,411409.89082674,740,2.5051667787721392
Q4,pos,1,G8,197496.12121179,353,1.2025980240822505
Q4,pos,1,G9,167053.17805013,297,1.017224138920221
Q4,pos,2,Desocupado,855889.13608463,1571,1.1959160922923657
Q4,pos,2,Fora da força de trabalho,1929285.36692891,3939,2.695750325199038
Q4,pos,2,G0,54822.05575744,90,0.07660171852723345
Q4,pos,2,G1,2385436.61155993,3938,3.333120974006394
Q4,pos,2,G2,57245877.89560862,105602,79.98847479937255
Q4,pos,2,G3,3532311.07851212,5895,4.9356248183030385
Q4,pos,2,G4,2257840.74990579,4178,3.1548339297752266
Q4,pos,2,G5,1908115.45425117,3487,2.6661700464265423
Q4,pos,2,G6,61930.536335849996,166,0.08653425062403958
Q4,pos,2,G7,779460.76308761,1244,1.0891243159730764
Q4,pos,2,G8,264051.62563747,452,0.36895384575203344
Q4,pos,2,G9,292636.49101842,564,0.4088948837484649
Q4,pos,3,Desocupado,394345.19569149,660,1.61300650758316
Q4,pos,3,Fora da força de trabalho,773754.38654776,1565,3.16491965518698
Q4,pos,3,G0,16492.74022013,27,0.06746093928264967
Q4,pos,3,G1,1228763.35463421,2124,5.0260617067471145
Q4,pos,3,G2,2303751.46697514,3836,9.423130162823847
Q4,pos,3,G3,13514761.68284983,23169,55.279990173702394
Q4,pos,3,G4,2970160.16097837,5253,12.148969280128963
Q4,pos,3,G5,1864828.35624425,3199,7.627784760691824
Q4,pos,3,G6,52027.19258171,119,0.21280898340456575
Q4,pos,3,G7,708911.1210123,1195,2.899688557092238
Q4,pos,3,G8,299570.90455886,547,1.2253472942372214
Q4,pos,3,G9,320470.06065641,575,1.310831979119036
Q4,pos,4,Desocupado,1094622.10891757,1966,2.1933850984232355
Q4,pos,4,Fora da força de trabalho,2030324.20808748,4044,4.068328993821179
Q4,pos,4,G0,31421.367092,65,0.06296159906712515
Q4,pos,4,G1,1289754.67828042,2448,2.584388410315727
Q4,pos,4,G2,2407837.94823442,4430,4.824784582779755
Q4,pos,4,G3,3751076.14702648,6889,7.516342358619672
Q4,pos,4,G4,33643532.78414936,62550,67.41433675228623
Q4,pos,4,G5,3288858.56987308,6077,6.590158666824803
Q4,pos,4,G6,54135.51833233,151,0.10847582762874028
Q4,pos,4,G7,693155.76806173,1218,1.3889336969962487
Q4,pos,4,G8,549104.97723082,928,1.1002871810428663
Q4,pos,4,G9,1071781.17864185,1949,2.1476168321944185
Q4,pos,5,Desocupado,387549.95901945,748,2.8305847369876753
Q4,pos,5,Fora da força de trabalho,1538722.9489816,3715,11.238514138563986
Q4,pos,5,G0,1796.46994288,6,0.013121044867709672
Q4,pos,5,G1,136418.90609572,241,0.9963754722309762
Q4,pos,5,G2,402278.2454772,617,2.938157094767739
Q4,pos,5,G3,699537.80133131,1161,5.109279403368347
Q4,pos,5,G4,303248.28489249,487,2.2148627467440742
Q4,pos,5,G5,8426000.53816166,16606,61.54176503466832
Q4,pos,5,G6,140878.36976142,469,1.0289464724169108
Q4,pos,5,G7,609556.73311124,1203,4.45207629343641
Q4,pos,5,G8,321339.23057275,595,2.346995271928129
Q4,pos,5,G9,724188.4017644,1529,5.289322290019728
Q4,pos,7,Desocupado,3844.44618789,9,1.000275708947597
Q4,pos,7,Fora da força de trabalho,8770.48556846,26,2.281968127799689
Q4,pos,7,G1,26514.78345154,55,6.898807401213143
Q4,pos,7,G2,27806.10835032,47,7.234793617557552
Q4,pos,7,G3,13618.668888510001,37,3.5434033958616817
Q4,pos,7,G4,516.0362192800001,2,0.1342660216467332
Q4,pos,7,G5,15998.89627995,27,4.16270810844393
Q4,pos,7,G6,2572.19649282,7,0.6692526165440155
Q4,pos,7,G7,265613.45861364,520,69.10922344489947
Q4,pos,7,G8,7741.30641888,13,2.014188881279598
Q4,pos,7,G9,11342.26671212,26,2.9511126758066055
Q4,pos,9,Desocupado,59403.54974431,104,3.6885126813479916
Q4,pos,9,Fora da força de trabalho,170862.75976067,403,10.609289492968616
Q4,pos,9,G1,2699.9737992200003,7,0.1676480217191769
Q4,pos,9,G2,8140.4646488299995,23,0.5054614954580312
Q4,pos,9,G3,25493.05282587,40,1.5829264250913322
Q4,pos,9,G4,20905.316983110002,42,1.2980626095865044
Q4,pos,9,G5,546435.39300772,1149,33.92951911664854
Q4,pos,9,G6,13212.71105613,39,0.8204097649937232
Q4,pos,9,G7,73520.38688107,131,4.565061861044969
Q4,pos,9,G8,28877.20170306,61,1.7930565621422836
Q4,pos,9,G9,660950.6267872,1306,41.040051968998846
Q4,pre,1,Desocupado,109165.61501415,198,0.9436847309745995
Q4,pre,1,Fora da força de trabalho,190961.26579666,418,1.6507691613016764
Q4,pre,1,G0,6102.00867621,16,0.05274895776721918
Q4,pre,1,G1,6626499.66095623,11423,57.28293244207163
Q4,pre,1,G2,1390949.58081269,2460,12.024096422653914
Q4,pre,1,G3,871020.88487432,1588,7.529560560890323
Q4,pre,1,G4,862920.20726159,1742,7.459534062411931
Q4,pre,1,G5,853822.72737669,1679,7.380890683206713
Q4,pre,1,G6,27084.55090357,85,0.23413303840857141
Q4,pre,1,G7,340652.39679496,639,2.9447776699983397
Q4,pre,1,G8,133718.88029984,292,1.1559360112213237
Q4,pre,1,G9,155119.74138605,303,1.3409362590937615
Q4,pre,2,Desocupado,594627.32396071,1223,1.5888527004064978
Q4,pre,2,Fora da força de trabalho,969338.70034136,2389,2.5900868486623048
Q4,pre,2,G0,26888.09629293,52,0.07184537723435423
Q4,pre,2,G1,1474065.21574598,2539,3.938723304898178
Q4,pre,2,G2,29991154.48858624,59202,80.13679304223713
Q4,pre,2,G3,1553132.12634331,2822,4.149991219023947
Q4,pre,2,G4,1125418.42131529,2238,3.0071340917932097
Q4,pre,2,G5,980838.10142726,1906,2.6208134125657105
Q4,pre,2,G6,33866.73267977,100,0.09049239330911239
Q4,pre,2,G7,356937.95320599,676,0.9537433077434195
Q4,pre,2,G8,169986.03658686,276,0.454205117019271
Q4,pre,2,G9,148696.50518132,306,0.3973191851068717
Q4,pre,3,Desocupado,293523.61266932,557,2.3874608198968827
Q4,pre,3,Fora da força de trabalho,378882.31915387,880,3.081751018616019
Q4,pre,3,G0,7256.54256282,17,0.059023227804724056
Q4,pre,3,G1,679415.32959937,1185,5.526224841349424
Q4,pre,3,G2,956802.69770252,1685,7.7824367599001425
Q4,pre,3,G3,6982131.73741598,12889,56.79122647355436
Q4,pre,3,G4,1418514.12214334,2921,11.537902720293236
Q4,pre,3,G5,877112.9668731,1765,7.13425684560579
Q4,pre,3,G6,26586.07192793,70,0.2162456522855671
Q4,pre,3,G7,371022.66503078,692,3.017822205168365
Q4,pre,3,G8,137101.8404942,294,1.115158230504661
Q4,pre,3,G9,166034.58120539002,341,1.3504912050208255
Q4,pre,4,Desocupado,907250.54350213,1648,3.1454339540835474
Q4,pre,4,Fora da força de trabalho,1018588.90791446,2397,3.5314436118599035
Q4,pre,4,G0,29688.68919034,62,0.10293056499150985
Q4,pre,4,G1,871542.00921083,1772,3.0216326105463556
Q4,pre,4,G2,1190099.20267394,2374,4.126069108063952
Q4,pre,4,G3,1895175.58961269,3863,6.570566081456491
Q4,pre,4,G4,19832408.46153611,39651,68.75887968649431
Q4,pre,4,G5,1765012.18321233,3712,6.119290079470931
Q4,pre,4,G6,33849.06240186,91,0.11735456203940348
Q4,pre,4,G7,392446.58373763,727,1.3606107138689585
Q4,pre,4,G8,271815.76592715,572,0.9423841578558131
Q4,pre,4,G9,635537.1927629,1347,2.203404869268809
Q4,pre,5,Desocupado,496068.47360239,1109,4.994173911544219
Q4,pre,5,Fora da força de trabalho,1188133.39307563,3251,11.961543840999768
Q4,pre,5,G0,3402.54607464,8,0.0342551638393664
Q4,pre,5,G1,98537.54397729,180,0.9920276284952206
Q4,pre,5,G2,172806.35405067,331,1.7397295556432875
Q4,pre,5,G3,362106.45774158,730,3.6455100871904618
Q4,pre,5,G4,177545.44445953,336,1.7874403918359303
Q4,pre,5,G5,6062893.30656137,13347,61.0382340168109
Q4,pre,5,G6,119719.90663384,404,1.205281258978907
Q4,pre,5,G7,440359.44180229,983,4.433322722527827
Q4,pre,5,G8,201516.82476708,407,2.0287724831222373
Q4,pre,5,G9,609853.82080874,1466,6.139708939011879
Q4,pre,7,Desocupado,5798.30592632,14,2.131235669377188
Q4,pre,7,Fora da força de trabalho,7394.85646141,24,2.718066632003988
Q4,pre,7,G0,208.5017507,1,0.0766372754156239
Q4,pre,7,G1,16459.10609502,38,6.04973839626864
Q4,pre,7,G2,15281.48045861,29,5.61688821668474
Q4,pre,7,G3,10858.50048393,22,3.991169807417971
Q4,pre,7,G4,1029.29976399,2,0.3783312573314441
Q4,pre,7,G5,7460.74010184,19,2.742282940404596
Q4,pre,7,G6,2976.03922479,13,1.0938782861641032
Q4,pre,7,G7,186787.32611843,399,68.65588278192851
Q4,pre,7,G8,1963.34718395,5,0.7216513931787613
Q4,pre,7,G9,15845.60093106,24,5.824237343824431
Q4,pre,9,Desocupado,73482.76285398,159,5.526833193658429
Q4,pre,9,Fora da força de trabalho,140288.54589873,388,10.551473053672478
Q4,pre,9,G0,1949.35223411,1,0.1466159438645526
Q4,pre,9,G1,4689.08976588,12,0.35267885908982194
Q4,pre,9,G2,5292.77088637,10,0.3980833148495897
Q4,pre,9,G3,18171.62809685,35,1.3667362718527274
Q4,pre,9,G4,17328.39930469,44,1.303314801328828
Q4,pre,9,G5,445267.68034391,1030,33.48976141082484
Q4,pre,9,G6,10738.21418809,35,0.8076495263696424
Q4,pre,9,G7,54729.29027906,116,4.1163348577508385
Q4,pre,9,G8,28892.78621822,54,2.1731029662759354
Q4,pre,9,G9,528733.0885857,1187,39.76741580046231
